<?xml version="1.0" encoding="UTF-8"?>
<beans xmlns="http://www.springframework.org/schema/beans"
	xmlns:xsi="http://www.w3.org/2001/XMLSchema-instance"
	xsi:schemaLocation="http://www.springframework.org/schema/beans https://www.springframework.org/schema/beans/spring-beans.xsd">
	
	<!-- Root Context: defines shared resources visible to all other web components -->
		
	<!-- MyBatis SqlSession -->
	<bean id="ds" class="org.springframework.jdbc.datasource.DriverManagerDataSource">
		<property name="driverClassName" value="com.mysql.cj.jdbc.Driver" />
		<property name="url" value="jdbc:mysql://localhost:3306/hotelfive" />
		<property name="username" value="root" />
		<property name="password" value="1234" />
	</bean>
	
	<bean id="sqlSessionFactory" class="org.mybatis.spring.SqlSessionFactoryBean">
		<property name="dataSource" ref="ds" />
		<property name="mapperLocations" value="classpath:com/koreait/hotelfive/dao/mapper/*.xml" />
	</bean>
	
	<bean id="sqlSession" class="org.mybatis.spring.SqlSessionTemplate">
		<constructor-arg ref="sqlSessionFactory" />
	</bean>
	
		<!-- 이메일 인증 : mailSender -->
	<!-- 1. 보내는 계정은 구글 계정 전용입니다. -->
	<!-- 2. 구글 로그인 -> "보안 수준이 낮은 앱 허용" 을 해야한다. -->
	<bean id="mailSender" class="org.springframework.mail.javamail.JavaMailSenderImpl">
		<property name="host" value="smtp.gmail.com" />
		<property name="port" value="587" />
		<property name="username" value="pyw6362@gmail.com" />
		<property name="password" value="cs63621256." />
		<property name="javaMailProperties">
			<props>
				<prop key="mail.smtp.auth">true</prop>
				<prop key="mail.smtp.starttls.enable">true</prop>
			</props>
		</property>
	</bean>	
		
	<!-- fileupload : multipartResolver -->
 	<bean id="multipartResolver" class="org.springframework.web.multipart.commons.CommonsMultipartResolver"/> 	
 	
 	
</beans>
